{"client_meta":{"background_color":{"r":0.6083333492279053,"g":0.6083333492279053,"b":0.6083333492279053,"a":1},"thumbnail_size":{"width":114,"height":400},"render_coordinates":{"x":-572,"y":-571,"width":1064,"height":3743.5}},"file_name":"Untitled","developer_related_links":[]}